4	4	Cargo.lock
1	1	Cargo.toml
19	1	README.md
5	2	docs/README.md
15	1	docs/architecture-overview.md
6	1	docs/async-architecture.md
178	0	docs/bake-stage-unification-plan.md
136	0	docs/briefs/codex-context-menu-unify-a-brief.md
93	0	docs/briefs/codex-context-menu-unify-b-brief.md
183	0	docs/briefs/codex-external-tool-p0-brief.md
166	0	docs/briefs/codex-external-tool-p1-brief.md
94	0	docs/briefs/codex-external-tool-p1b-brief.md
101	0	docs/briefs/codex-external-tool-p1c-brief.md
85	0	docs/briefs/codex-external-tool-p1d-brief.md
111	0	docs/briefs/codex-external-tool-p2a-brief.md
115	0	docs/briefs/codex-external-tool-p2b1-brief.md
99	0	docs/briefs/codex-external-tool-p2b2-brief.md
71	0	docs/briefs/codex-external-tool-p2c-brief.md
110	0	docs/briefs/codex-external-tool-p3-brief.md
106	0	docs/briefs/codex-item-kind-matrix-brief.md
94	0	docs/briefs/codex-tag-page-support-survey-brief.md
140	0	docs/briefs/lane-display-geometry.md
129	0	docs/briefs/lane-export-batch.md
118	0	docs/briefs/lane-rating-time-order.md
129	0	docs/briefs/lane-seek-strip-modes.md
114	0	docs/briefs/review-bake-stage-and-external-tool.md
27	0	docs/briefs/review-findings-bake-stage-raw.md
49	0	docs/briefs/review-status-bake-stage.md
389	0	docs/context-menu-unification-plan.md
122	0	docs/detached-rework-plan.md
34	2	docs/display-pipeline.md
1185	0	docs/external-tool-launch-plan.md
48	0	docs/fullscreen-side-panel-mode-plan.md
224	0	docs/item-kind-capability-matrix.md
3	0	docs/key-customization-impl-plan.md
17	2	docs/keymap-spec.md
14	1	docs/keymap.ini.default
437	471	docs/next-release-backlog.md
55	0	docs/panorama-360-view-plan.md
17	8	docs/rating-list-view-plan.md
50	0	docs/release-verification-records.md
2	2	docs/review-v3.3.0/README.md
48	2	docs/settings-sqlite-migration.md
19	13	docs/shell-file-operations-context-menu-plan.md
110	17	docs/spec.md
369	0	docs/tag-page-support-survey.md
3	0	docs/toolbar-customization-plan.md
15	0	docs/ui-responsiveness.md
57	24	docs/video-architecture.md
99	2	docs/video-seek-strip-plan.md
5	4	htdocs/mimageviewer/index.html
1	0	htdocs/mimageviewer/manual/adjustment.html
1	0	htdocs/mimageviewer/manual/analysis.html
1	0	htdocs/mimageviewer/manual/annotation.html
1	0	htdocs/mimageviewer/manual/books.html
23	1	htdocs/mimageviewer/manual/changelog.html
1	0	htdocs/mimageviewer/manual/conceal.html
1	0	htdocs/mimageviewer/manual/erase.html
40	0	htdocs/mimageviewer/manual/export.html
205	0	htdocs/mimageviewer/manual/external-tools.html
1	0	htdocs/mimageviewer/manual/faq.html
1	0	htdocs/mimageviewer/manual/formats.html
28	3	htdocs/mimageviewer/manual/fullscreen.html
8	0	htdocs/mimageviewer/manual/gamepad.html
1	0	htdocs/mimageviewer/manual/getting-started.html
14	9	htdocs/mimageviewer/manual/grid.html
8	1	htdocs/mimageviewer/manual/index.html
1	6	htdocs/mimageviewer/manual/known-issues.html
1	0	htdocs/mimageviewer/manual/local-adjustment.html
1	0	htdocs/mimageviewer/manual/metadata-transfer.html
1	0	htdocs/mimageviewer/manual/music.html
1	0	htdocs/mimageviewer/manual/remote.html
1	0	htdocs/mimageviewer/manual/search.html
26	3	htdocs/mimageviewer/manual/settings.html
4	1	htdocs/mimageviewer/manual/shortcuts.html
1	0	htdocs/mimageviewer/manual/stack.html
1	0	htdocs/mimageviewer/manual/tags.html
1	0	htdocs/mimageviewer/manual/troubleshooting.html
5	4	htdocs/mimageviewer/manual/tut-cache.html
4	0	htdocs/mimageviewer/manual/tut-grid-power.html
3	1	htdocs/mimageviewer/manual/tut-rating.html
1	0	htdocs/mimageviewer/manual/tutorial.html
38	11	htdocs/mimageviewer/manual/video.html
7	0	htdocs/mimageviewer/privacy.html
1	1	installer/mimageviewer.iss
1	1	installer/readme.txt
1	1	installer/readme_portable.txt
8	2	src/ai/final_pipeline.rs
705	308	src/app.rs
42	1	src/app/gamepad_input.rs
1	1	src/app/metadata_ops.rs
400	61	src/app/native_video.rs
6	3	src/app/runtime_ops.rs
61	0	src/app/smart_folder.rs
955	31	src/app/tests.rs
18	0	src/app/viewer_context_registry.rs
119	0	src/bake_stage.rs
153	0	src/bookmark_browser.rs
453	33	src/books.rs
30	1	src/capture.rs
51	10	src/comic_db.rs
33	0	src/conceal_db.rs
3	0	src/content_identity.rs
1010	0	src/context_menu_model.rs
312	70	src/displayed_image_transform.rs
1	1	src/edit_bundle.rs
97	11	src/edit_bundle_app.rs
2000	0	src/edit_bundle_bulk.rs
243	0	src/export_batch.rs
288	16	src/export_crop.rs
411	82	src/export_dialog.rs
4043	0	src/external_tool.rs
52	0	src/file_drag.rs
8	1	src/folder_tree.rs
81	2	src/gamepad.rs
51	35	src/gpu_lanczos.rs
116	2	src/grid_item.rs
272	3	src/keymap.rs
6	1	src/lib.rs
43	0	src/local_adjust_write_worker.rs
42	4	src/mask_db.rs
2112	0	src/materializer.rs
27	2	src/name_bulk_indexer.rs
755	113	src/native_context_menu.rs
919	44	src/open_with.rs
53	0	src/operation_customize_share.rs
86	0	src/panorama.rs
146	0	src/rating_view.rs
1	0	src/remote_ipc/container.rs
10	3	src/rotation_db.rs
473	28	src/settings.rs
1199	56	src/settings_db.rs
0	267	src/tag_legacy_xmp_worker.rs
3	245	src/tag_ops.rs
1	3	src/tags_db.rs
1	1	src/tray_integration.rs
5	5	src/ui_adjustment_panel.rs
57	1	src/ui_crop.rs
6	5	src/ui_dialogs/cache_manager.rs
989	986	src/ui_dialogs/context_menu.rs
310	0	src/ui_dialogs/export_batch.rs
0	1	src/ui_dialogs/metadata_transfer.rs
1	0	src/ui_dialogs/mod.rs
528	1	src/ui_dialogs/preferences.rs
888	10	src/ui_dialogs/preferences/pages.rs
53	3	src/ui_dialogs/preferences/search_index.rs
1346	334	src/ui_fullscreen.rs
53	0	src/ui_helpers.rs
684	149	src/ui_main.rs
67	12	src/ui_metadata_panel.rs
50	5	src/ui_music_panels.rs
159	2	src/undo_stack.rs
35	0	src/version_highlights.rs
57	44	src/video/mod.rs
54	22	src/video/native_presenter/overlay_draw.rs
1219	240	src/video/native_presenter/render_core.rs
2	1	src/video/native_presenter/surface_policy.rs
76	0	src/video/seek_strip.rs
678	0	src/video/seek_strip_layout.rs
344	18	src/video/seek_strip_wave.rs
331	12	src/video/tile_thumb_cache.rs
143	1	tests/export_integration.rs
